line_id,distance_cm,angle_deg,speaker,predicted_speaker,phrase_type,anger_detected,speaker_correct,notes
1,50,0,papa,papa,neutral,0,1, detecto bien papa y la emocion
1,50,0,papa,papa,angry,1,1, detecto bien papa y la emocion
1,50,0,mama,mama,neutral,0,1, detecto bien mama y la emocion
1,50,0,mama,mama,angry,1,1, detecto bien mama y la emocion 
1,50,0,hijo,hijo,neutral,0,1, detecto bien hijo y la emocion
1,50,0,hijo,hijo,angry,1,1, detecto bien hijo y la emocion
1,50,0,hija,hija,neutral,0,1,detecto bien hija y la emocion
1,50,0,hija,hija,angry,1,1, detecto bien hija y la emocion
1,100,0,papa,papa,neutral,0,1,detecto bien papa y la emocion
1,100,0,papa,papa,angry,1,1, detecto bien papa y la emocion
1,100,0,mama,mama,neutral,0,1, detecto bien mama y la emocion
1,100,0,mama,mama,angry,1,1,detecto bien mama y la emocion
1,100,0,hijo,hijo,neutral,0,1, detecto bien hijo y la emocion
1,100,0,hijo,parcial,angry,1,0, El sistema identificó al hablante real en algunos momentos pero presentó confusión ocasional con papá.
1,100,0,hija,hija,neutral,0,1,detecto bien hija y la emocion
1,100,0,hija,hija,angry,1,1, detecto bien hija y la emocion
1,150,0,papa,papa,neutral,0,1,detecto bien la emocion y papa
1,150,0,papa,papa,angry,1,1, detecto bien papa y la emocion
1,150,0,mama,mama,neutral,0,1, detecto bien mama y la emocion
1,150,0,mama,mama,angry,1,1, si detecto bien mama y emocion
1,150,0,hijo,hijo,neutral,0,1, detecto bien hijo y la emocion
1,150,0,hijo,hijo,angry,1,1, detecto bien hijo y la emocion pero fue necesario hablar mas debido a que habia ruido de fondo
1,150,0,hija,hija,neutral,0,1,detecto bien hija y la emocion
1,150,0,hija,mama,angry,1,0, detecto bien la emocion pero confundio a hija con mama
1,200,0,papa,papa,neutral,0,1,detecto bien la emocion y papa
1,200,0,papa,papa,angry,1,1, detecto bien papa y la emocion
1,200,0,mama,mama,neutral,0,1, detecto bien pero fue necesario hablar mas debido a la distancia 
1,200,0,mama,mama,angry,1,1, detecto bien pero fue necesario hablar mas
1,200,0,hijo,inseguro,neutral,0,0, confuso pero detecto bien la emocion hablante solo marco hijo una vez y luego inseguro
1,200,0,hijo,papa,angry,1,0, confundio a hijo con papa pero detecto la emocion puede deberse a la distancia y el ruido de fondo
1,200,0,hija,hija,neutral,0,1,detecto bien pero fue necesario hablar mas debido a la distancia
1,200,0,hija,hija,angry,1,1, detecto bien hija y la emocion
2,50,45,papa,papa,neutral,0,1, detecto bien papa y la emocion
2,50,45,papa,papa,angry,1,1, detecto bien papa y la emocion
2,50,45,mama,mama,neutral,0,1, detecto bien mama y la emocion
2,50,45,mama,hija,angry,1,0, confundio a mama con hija pero detecto la emocion
2,50,45,hijo,hijo,neutral,0,1, detecto bien hijo y la emocion
2,50,45,hijo,hijo,angry,1,1, detecto bien hijo y la emocion
2,50,45,hija,hija,neutral,0,1, detecto bien hija y la emocion
2,50,45,hija,hija,angry,1,1,    detecto bien hija y la emocion
2,100,45,papa,papa,neutral,0,1, detecto bien papa y la emocion
2,100,45,papa,inseguro,angry,1,0, enojo detectadoc; hablante solo marco papa una vez y luego inseguro
2,100,45,mama,mama,neutral,0,1, detecto bien mama y la emocion
2,100,45,mama,mama,angry,1,1, detecto bien mama y la emocion
2,100,45,hijo,hijo,neutral,0,1, detecto bien hijo y la emocion pero fue necesario hablar mas
2,100,45,hijo,hijo,angry,1,1," detecto bien hijo y la emocion dijo varias veces hijo pero tambien dijo papa en menos ocasiones, pero detecto bien la emocion"
2,100,45,hija,inseguro,neutral,0,0, confuso pero detecto bien la emocion; hablante solo marco hija una vez y luego inseguro
2,100,45,hija,hija,angry,1,1, detecto bien hija y la emocion
2,150,45,papa,papa,neutral,0,1, detecto bien papa y la emocion
2,150,45,papa,papa,angry,1,1, detecto bien papa y la emocion
2,150,45,mama,mama,neutral,0,1, detecto bien mama y la emocion
2,150,45,mama,mama,angry,1,1, detecto bien mama y la emocion
2,150,45,hijo,hijo,neutral,0,1, detecto bien hijo y la emocion
2,150,45,hijo,inseguro,angry,1,0, detecto bien la emocion pero fue necesario hablar mas asi que se considera inseguro
2,150,45,hija,hija,neutral,0,1,detecto bien hija y la emocion
2,150,45,hija,hija,angry,1,1, detecto bien hija y la emocion
2,200,45,papa,inseguro,neutral,0,0, el sistema quedo inseguro pero detecto bien la emocion aunque no decidio un hablante estable
2,200,45,papa,papa,angry,1,1, detecto bien papa y la emocion
2,200,45,mama,mama,neutral,0,1, detecto bien mama y la emocion 
2,200,45,mama,inseguro,angry,1,0, enojo detectado 80%; hablante solo marco mama una vez y luego inseguro
2,200,45,hijo,hijo,neutral,0,1, detecto bien hijo y la emocion pero fue necesario hablar mas
2,200,45,hijo,inseguro,angry,1,0, detecto bien la emocion pero fue necesario hablar mas asi que se considera inseguro
2,200,45,hija,hija,neutral,0,1,detecto bien hija y la emocion
2,200,45,hija,inseguro,angry,1,0, detecto  hija y la emocion pero fue necesario hablar mas asi que se considera inseguro
3,50,90,papa,papa,neutral,0,1, detecto bien papa y la emocion
3,50,90,papa,papa,angry,1,1, detecto bien papa y la emocion
3,50,90,mama,mama,neutral,0,1, detecto bien mama y la emocion
3,50,90,mama,mama,angry,1,1, detecto bien mama y la emocion
3,50,90,hijo,hijo,neutral,0,1, detecto bien hijo y la emocion
3,50,90,hijo,hijo,angry,1,1, detecto bien hijo y la emocion
3,50,90,hija,hija,neutral,0,1, detecto bien hija y la emocion
3,50,90,hija,hija,angry,1,1, detecto bien hija y la emocion
3,100,90,papa,papa,neutral,1,1, falso positivo de enojo; detecto bien papa pero se marco como enojado en algunas ocasiones
3,100,90,papa,papa,angry,1,1, detecto bien papa y la emocion 
3,100,90,mama,mama,neutral,0,1, detecto bien mama y la emocion
3,100,90,mama,hija,angry,1,0," confundio a mama con hija, pero detecto la emocion"
3,100,90,hijo,hijo,neutral,0,1, detecto bien hijo y la emocion
3,100,90,hijo,hijo,angry,1,1, detecto bien hijo y la emocion
3,100,90,hija,hija,neutral,0,1, detecto bien hija y la emocion
3,100,90,hija,hija,angry,1,1, detecto bien hija y la emocion
3,150,90,papa,papa,neutral,0,1, detecto bien papa y la emocion
3,150,90,papa,papa,angry,1,1, detecto bien papa y la emocion
3,150,90,mama,mama,neutral,0,1, detecto bien mama y la emocion
3,150,90,mama,confusion,angry,1,0,detecto bien la emocion pero confundio a mama con hija y en ocasiones si decia mama
3,150,90,hijo,hijo,neutral,0,1, detecto bien hijo y la emocion
3,150,90,hijo,hijo,angry,1,1, detecto bien hijo y la emocion
3,150,90,hija,hija,neutral,0,1, detecto bien hija y la emocion
3,150,90,hija,hija,angry,1,1, detecto bien hija y la emocion
3,200,90,papa,papa,neutral,0,1, detecto bien papa y la emocion
3,200,90,papa,papa,angry,1,1, detecto bien papa y la emocion
3,200,90,mama,mama,neutral,0,1, detecto bien mama y la emocion
3,200,90,mama,parcial,angry,1,0, detecto bien la emocion pero solo marco mama una vez y luego confunde con hija o inseguro
3,200,90,hijo,inseguro,neutral,0,0, detecto hijo y la emocion pero en momentos es inseguro
3,200,90,hijo,papa,angry,1,0, detecto la emocion pero confundio a hijo con papa
3,200,90,hija,hija,neutral,0,1, detecto bien hija y la emocion
3,200,90,hija,hija,angry,1,1, detecto bien hija y la emocion
4,50,135,papa,papa,neutral,0,1, detecto bien papa y la emocion
4,50,135,papa,papa,angry,1,1, detecto bien papa y la emocion
4,50,135,mama,mama,neutral,0,1, detecto bien mama y la emocion
4,50,135,mama,mama,angry,1,1, detecto bien mama y la emocion
4,50,135,hijo,hijo,neutral,0,1, detecto bien hijo y la emocion
4,50,135,hijo,parcial,angry,0,0, en ocasiones detecto hijo y en otras papa pero y detecto bien la emocion
4,50,135,hija,hija,neutral,0,1, detecto bien hija y la emocion
4,50,135,hija,hija,angry,1,1, detecto bien hija y la emocion
4,100,135,papa,papa,neutral,0,1, detecto bien papa y la emocion
4,100,135,papa,papa,angry,1,1, detecto bien papa y la emocion
4,100,135,mama,mama,neutral,0,1, detecto bien mama y la emocion
4,100,135,mama,mama,angry,1,1,  detecto bien mama y la emocion
4,100,135,hijo,hijo,neutral,0,1, detecto bien hijo pero no la emocion aunque fue necesario hablar mas debido a que en cierto momento habia ruido afuera
4,100,135,hijo,hijo,angry,0,1, detecto bien hijo pero no la emocion 
4,100,135,hija,hija,neutral,0,1, detecto bien hija y la emocion
4,100,135,hija,parcial,angry,0,0, en ocasiones detecto hija y en otras mama pero no detecto bien la emocion
4,150,135,papa,papa,neutral,0,1, detecto bien papa y la emocion
4,150,135,papa,papa,angry,0,1, detecto bien papa y pero no la emocion
4,150,135,mama,mama,neutral,0,1, detecto bien mama y la emocion
4,150,135,mama,mama,angry,1,1, detecto bien mama y la emocion
4,150,135,hijo,hijo,neutral,0,1, detecto birn hijo yla emocion
4,150,135,hijo,parcial,angry,1,0, detecto bien la emocion pero en ocasiones detecto hijo y en otras papa
4,150,135,hija,hija,neutral,0,1, detecto bien hija y la emocion se explico sobre una tesis de enfermeria 
4,150,135,hija,hija,angry,0,1, detecto bien hija pero no la emocion 
4,200,135,papa,papa,neutral,0,1, detecto bien papa y la emocion
4,200,135,papa,papa,angry,1,1, detecto bien papa y la emocion
4,200,135,mama,mama,neutral,0,1, detecto bien mama y la emocion note que al cantar detecto mejor la voz al tener palabras mas largas y con mas energia
4,200,135,mama,mama,angry,1,1, detecto bien mama y la emocion 
4,200,135,hijo,hijo,neutral,0,1, detecto bien hijo y la emocion 
4,200,135,hijo,parcial,angry,1,0, detecto bien la emocion pero en ocasiones detecto hijo y en otras papa o inseguro
4,200,135,hija,mama,neutral,0,0, detecto bien la emocion pero confundio a hija con mama
4,200,135,hija,inseguro,angry,0,0, detecto bien la emocion pero es inseguro
5,50,180,papa,papa,neutral,0,1, detecto bien papa y la emocion
5,50,180,papa,papa,angry,1,1, detecto bien papa y la emocion
5,50,180,mama,mama,neutral,0,1, detecto bien mama y la emocion al decir una oracion catolica con palabras largas y con energia
5,50,180,mama,mama,angry,1,1, detecto bien mama y la emocion 
5,50,180,hijo,hijo,neutral,0,1, detecto bien hijo y la emocion
5,50,180,hijo,hijo,angry,1,1, detecto bien hijo y la emocion
5,50,180,hija,hija,neutral,0,1, detecto bien hija y la emocion
5,50,180,hija,hija,angry,1,1, detecto bien hija y la emocion
5,100,180,papa,papa,neutral,0,1, detecto bien papa y la emocion
5,100,180,papa,papa,angry,1,1, detecto bien papa y la emocion
5,100,180,mama,mama,neutral,0,1, detecto bien mama y la emocion 
5,100,180,mama,mama,angry,1,1, detecto bien mama y la emocion 
5,100,180,hijo,hijo,neutral,0,1, detecto bien hijo y la emocion
5,100,180,hijo,hijo,angry,1,1, detecto bien hijo y la emocion
5,100,180,hija,hija,neutral,0,1, detecto bien hija y la emocion
5,100,180,hija,hija,angry,1,1, detecto bien hija y la emocion
5,150,180,papa,papa,neutral,0,1, detecto bien papa y la emocion
5,150,180,papa,inseguro,angry,0,0, nocdetecto papa ni la emocion
5,150,180,mama,mama,neutral,0,1, detecto bien mama y la emocion
5,150,180,mama,mama,angry,1,1, detecto bien mama y la emocion
5,150,180,hijo,hijo,neutral,0,1, detecto bien hijo y la emocion
5,150,180,hijo,hijo,angry,1,1, detecto bien hijo y la emocion
5,150,180,hija,hija,neutral,0,1, detecto bien hija y la emocion
5,150,180,hija,hija,angry,1,1, detecto bien hija y la emocion
5,200,180,papa,papa,neutral,0,1, detecto bien papa y la emocion
5,200,180,papa,papa,angry,1,1, detecto bien papa y la emocion
5,200,180,mama,mama,neutral,0,1, detecto bien mama y la emocion
5,200,180,mama,mama,angry,1,1, detecto bien mama y la emocion
5,200,180,hijo,hijo,neutral,0,1, detecto bien hijo y la emocion pero fue necesario hablar mas debido a la distancia
5,200,180,hijo,hijo,angry,1,1, detecto bien hijo y la emocion
5,200,180,hija,parcial,neutral,0,0, detecto bien la emocion pero confundio a hija con mama
5,200,180,hija,inseguro,angry,1,0, detecto bien la emocion pero es inseguro
6,50,225,papa,papa,neutral,0,1, detecto bien papa y la emocion
6,50,225,papa,papa,angry,1,1, detecto bien papa y la emocion
6,50,225,mama,mama,neutral,0,1, detecto bien mama y la emocion
6,50,225,mama,mama,angry,1,1, detecto bien mama y la emocion
6,50,225,hijo,hijo,neutral,0,1, detecto bien hijo y la emocion
6,50,225,hijo,hijo,angry,1,1, detecto bien hijo y la emocion
6,50,225,hija,hija,neutral,0,1, detecto bien hija y la emocion
6,50,225,hija,hija,angry,1,1, detecto bien hija y la emocion
6,100,225,papa,papa,neutral,0,1, detecto bien papa y la emocion
6,100,225,papa,papa,angry,1,1, detecto bien papa y la emocion
6,100,225,mama,mama,neutral,0,1, detecto bien mama y la emocion
6,100,225,mama,mama,angry,1,1,   detecto bien mama y la emocion
6,100,225,hijo,hijo,neutral,0,1, detecto bien hijo y la emocion
6,100,225,hijo,hijo,angry,1,1, detecto bien hijo y la emocion
6,100,225,hija,hija,neutral,0,1, detecto bien hija y la emocion
6,100,225,hija,hija,angry,1,1, detecto bien hija y la emocion
6,150,225,papa,papa,neutral,0,1, detecto bien papa y la emocion
6,150,225,papa,papa,angry,1,1, detecto bien papa y la emocion
6,150,225,mama,mama,neutral,0,1, detecto bien mama y la emocion
6,150,225,mama,mama,angry,1,1, detecto bien mama y la emocion
6,150,225,hijo,hijo,neutral,0,1, detecto bien hijo y la emocion
6,150,225,hijo,hijo,angry,0,1, en momentos detecto bien la emocion pero si detecto hijo
6,150,225,hija,hija,neutral,0,1, detecto bien hija y la emocion
6,150,225,hija,hija,angry,1,1, detecto bien hija y la emocion
6,200,225,papa,papa,neutral,0,1, detecto bien papa y la emocion
6,200,225,papa,papa,angry,1,1, detecto bien papa y la emocion aunque fue necesario hablar mas debido a la distancia
6,200,225,mama,mama,neutral,0,1, detecto bien mama y la emocion
6,200,225,mama,mama,angry,1,1, detecto bien mama y la emocion
6,200,225,hijo,hijo,neutral,0,1, detecto bien hijo y la emocion
6,200,225,hijo,papa,angry,1,0,  confundio a hijo con papa pero detecto la emocion puede deberse a la distancia y el ruido de fondo
6,200,225,hija,hija,neutral,0,1, detecto bien hija y la emocion
6,200,225,hija,hija,angry,1,1, detecto bien hija y la emocion
7,50,270,papa,papa,neutral,0,1, detecto bien papa y la emocion
7,50,270,papa,papa,angry,1,1, detecto bien papa y la emocion
7,50,270,mama,mama,neutral,0,1, detecto bien mama y la emocion
7,50,270,mama,mama,angry,1,1, detecto bien mama y la emocion
7,50,270,hijo,hijo,neutral,0,1, detecto bien hijo y la emocion
7,50,270,hijo,hijo,angry,1,1, detecto bien hijo y la emocion
7,50,270,hija,hija,neutral,0,1, detecto bien hija y la emocion
7,50,270,hija,hija,angry,1,1, detecto bien hija y la emocion
7,100,270,papa,papa,neutral,0,1, detecto bien papa y la emocion
7,100,270,papa,papa,angry,1,1, detecto bien papa y la emocion
7,100,270,mama,mama,neutral,0,1, detecto bien mama y la emocion
7,100,270,mama,mama,angry,1,1, detecto bien mama y la emocion
7,100,270,hijo,hijo,neutral,0,1, detecto bien hijo y la emocion
7,100,270,hijo,hijo,angry,0,1, detecto bien hijo pero no la emocion ya que en momentos quedaba mas como neutral
7,100,270,hija,hija,neutral,0,1, detecto bien hija y la emocion
7,100,270,hija,hija,angry,1,1, detecto bien hija y la emocion
7,150,270,papa,papa,neutral,0,1, detecto bien papa y la emocion
7,150,270,papa,papa,angry,1,1, detecto bien papa y la emocion
7,150,270,mama,mama,neutral,0,1, detecto bien mama y la emocion
7,150,270,mama,parcial,angry,1,0, detecto mama y la emocion pero tambien detectaba hija debido a que habia ruido de fondo
7,150,270,hijo,hijo,neutral,0,1, detecto bien hijo y la emocion
7,150,270,hijo,hijo,angry,1,1, detecto bien hijo y la emocion pero fue necesario hablar mas debido a que habia ruido de fondo
7,150,270,hija,hija,neutral,0,1, detecto bien hija y la emocion
7,150,270,hija,hija,angry,1,1, detecto bien hija y la emocion
7,200,270,papa,papa,neutral,0,1, detecto bien papa y la emocion
7,200,270,papa,parcial,angry,1,0, detecto papa y la emocion pero tambien detectaba inseguro debido a que habia ruido de fondo
7,200,270,mama,mama,neutral,0,1, detecto bien mama y la emocion
7,200,270,mama,parcial,angry,0,0, no detecto bien la emocion pero solo marco mama una vez y luego confunde con hija debido a la distancia
7,200,270,hijo,parcial,neutral,0,0, detecto bien la emocion pero solo marco hijo una vez y luego en ocasiones quedaba como papa
7,200,270,hijo,papa,angry,1,0, detecto bien la emocion pero confundio a hijo con papa puede deberse a la distancia y el ruido de fondo
7,200,270,hija,hija,neutral,1,1, falso positivo de enojo; detecto bien hija pero se marco como enojada en algunas ocasiones
7,200,270,hija,hija,angry,1,1, detecto bien hija y la emocion
8,50,315,papa,papa,neutral,0,1, detecto bien papa y la emocion
8,50,315,papa,papa,angry,1,1, detecto bien papa y la emocion
8,50,315,mama,mama,neutral,0,1, detecto bien mama y la emocion
8,50,315,mama,mama,angry,1,1, detecto bien mama y la emocion
8,50,315,hijo,hijo,neutral,0,1, detecto bien hijo y la emocion
8,50,315,hijo,hijo,angry,1,1, detecto bien hijo y la emocion
8,50,315,hija,hija,neutral,0,1, detecto bien hija y la emocion
8,50,315,hija,hija,angry,1,1, detecto bien hija y la emocion
8,100,315,papa,papa,neutral,0,1, detecto bien papa y la emocion
8,100,315,papa,papa,angry,1,1, detecto bien papa y la emocion
8,100,315,mama,mama,neutral,0,1, detecto bien mama y la emocion
8,100,315,mama,mama,angry,1,1, detecto bien mama y la emocion
8,100,315,hijo,hijo,neutral,0,1, detecto bien hijo y la emocion
8,100,315,hijo,hijo,angry,1,1, detecto bien hijo y la emocion aunqe fue necesario hablar mas debido a la distancia
8,100,315,hija,hija,neutral,0,1, detecto bien hija y la emocion
8,100,315,hija,hija,angry,1,1, detecto bien hija y la emocion
8,150,315,papa,papa,neutral,0,1, detecto bien papa y la emocion
8,150,315,papa,papa,angry,1,1, detecto bien papa y la emocion
8,150,315,mama,mama,neutral,0,1, detecto bien mama y la emocion
8,150,315,mama,mama,angry,1,1, detecto bien mama y la emocion
8,150,315,hijo,hijo,neutral,0,1, detecto bien hijo y la emocion
8,150,315,hijo,papa,angry,1,0, detecto bien hijo y la emocion pero confundio a hijo con papa puede deberse a la distancia y el ruido de fondo
8,150,315,hija,hija,neutral,0,1, detecto bien hija y la emocion
8,150,315,hija,hija,angry,1,1, detecto bien hija y la emocion
8,200,315,papa,papa,neutral,0,1, detecto bien papa y la emocion
8,200,315,papa,papa,angry,1,1, detecto bien papa y la emocion
8,200,315,mama,mama,neutral,0,1, detecto bien mama y la emocion
8,200,315,mama,parcial,angry,0,0, detecto a mama pero la confuidio con hija debido a la distancia y el ruido de fondo y no detecto bien la emocion
8,200,315,hijo,parcial,neutral,0,0, detecto a hijo pero lo confundio con papa debido a la distancia y el ruido de fondo
8,200,315,hijo,papa,angry,1,0, detecto bien la emocion pero confundio a hijo con papa puede deberse a la distancia y el ruido de fondo
8,200,315,hija,hija,neutral,1,1, falso positivo de enojo; detecto bien hija pero activo enojo en una frase neutral
8,200,315,hija,hija,angry,1,1, detecto bien hija y la emocion
